{"stats":{"minecraft:dropped":{"minecraft:wooden_axe":1},"minecraft:crafted":{"minecraft:diamond_helmet":1,"minecraft:diamond_leggings":1,"minecraft:diamond_pickaxe":1,"minecraft:shield":1,"minecraft:diamond_axe":1,"minecraft:crafting_table":1,"minecraft:stick":20,"minecraft:iron_ingot":14,"minecraft:wooden_pickaxe":1,"minecraft:iron_pickaxe":1,"minecraft:stone_pickaxe":1,"minecraft:wooden_axe":1,"minecraft:diamond_boots":1,"minecraft:furnace":1,"minecraft:bucket":1,"minecraft:birch_planks":56,"minecraft:stone_axe":1,"minecraft:diamond_chestplate":1,"minecraft:air":0,"minecraft:cooked_mutton":5},"minecraft:used":{"minecraft:cooked_mutton":4,"minecraft:wooden_axe":22,"minecraft:diamond_pickaxe":1,"minecraft:stone_pickaxe":81,"minecraft:iron_pickaxe":205,"minecraft:wooden_pickaxe":59,"minecraft:diamond_axe":1,"minecraft:stone_axe":11,"minecraft:diamond_chestplate":1,"minecraft:fishing_rod":1,"minecraft:cobblestone":69,"minecraft:crafting_table":6,"minecraft:furnace":3,"minecraft:diamond_leggings":1},"minecraft:killed":{"minecraft:sheep":3,"minecraft:skeleton":2,"minecraft:witch":1},"minecraft:broken":{"minecraft:wooden_pickaxe":1},"minecraft:mined":{"minecraft:tuff":28,"minecraft:furnace":3,"minecraft:deepslate_diamond_ore":23,"minecraft:birch_log":14,"minecraft:iron_ore":24,"minecraft:andesite":1,"minecraft:crafting_table":6,"minecraft:granite":11,"minecraft:short_grass":2,"minecraft:coal_ore":16,"minecraft:cobblestone":7,"minecraft:smooth_basalt":2,"minecraft:stone":146,"minecraft:deepslate":69,"minecraft:diamond_ore":13,"minecraft:diorite":3},"minecraft:custom":{"minecraft:time_since_rest":29946,"minecraft:interact_with_furnace":15,"minecraft:sprint_one_cm":43181,"minecraft:damage_taken":350,"minecraft:walk_one_cm":30932,"minecraft:mob_kills":6,"minecraft:drop":1,"minecraft:damage_dealt":974,"minecraft:interact_with_crafting_table":11,"minecraft:fly_one_cm":20492,"minecraft:open_chest":1,"minecraft:crouch_one_cm":4810,"minecraft:play_time":29946,"minecraft:sneak_time":3272,"minecraft:jump":189,"minecraft:time_since_death":29946,"minecraft:total_world_time":29946,"minecraft:fall_one_cm":4551},"minecraft:picked_up":{"minecraft:wooden_axe":1,"minecraft:birch_log":14,"minecraft:raw_iron":45,"minecraft:crafting_table":6,"minecraft:andesite":1,"minecraft:brown_wool":1,"minecraft:gravel":1,"minecraft:tuff":28,"minecraft:diorite":3,"minecraft:redstone":8,"minecraft:bone":2,"minecraft:arrow":2,"minecraft:diamond":36,"minecraft:cobbled_deepslate":69,"minecraft:iron_ingot":2,"minecraft:granite":11,"minecraft:coal":97,"minecraft:mutton":5,"minecraft:smooth_basalt":2,"minecraft:white_wool":2,"minecraft:cobblestone":153,"minecraft:furnace":3}},"DataVersion":3953}