{"stats":{"minecraft:dropped":{"minecraft:wooden_axe":1},"minecraft:crafted":{"minecraft:shield":1,"minecraft:crafting_table":1,"minecraft:stick":20,"minecraft:iron_ingot":10,"minecraft:wooden_pickaxe":1,"minecraft:iron_pickaxe":1,"minecraft:stone_pickaxe":1,"minecraft:wooden_axe":1,"minecraft:furnace":1,"minecraft:birch_planks":56,"minecraft:stone_axe":1,"minecraft:air":0,"minecraft:cooked_mutton":5},"minecraft:used":{"minecraft:cooked_mutton":3,"minecraft:wooden_axe":22,"minecraft:stone_pickaxe":81,"minecraft:iron_pickaxe":1,"minecraft:wooden_pickaxe":59,"minecraft:stone_axe":3,"minecraft:fishing_rod":1,"minecraft:cobblestone":6,"minecraft:crafting_table":5,"minecraft:furnace":2},"minecraft:killed":{"minecraft:sheep":3,"minecraft:skeleton":1},"minecraft:broken":{"minecraft:wooden_pickaxe":1},"minecraft:mined":{"minecraft:furnace":2,"minecraft:birch_log":14,"minecraft:iron_ore":24,"minecraft:andesite":1,"minecraft:crafting_table":5,"minecraft:granite":8,"minecraft:short_grass":2,"minecraft:coal_ore":16,"minecraft:cobblestone":1,"minecraft:smooth_basalt":2,"minecraft:stone":84,"minecraft:diorite":3},"minecraft:custom":{"minecraft:time_since_rest":17946,"minecraft:interact_with_furnace":11,"minecraft:sprint_one_cm":19181,"minecraft:damage_taken":170,"minecraft:walk_one_cm":16719,"minecraft:mob_kills":4,"minecraft:drop":1,"minecraft:damage_dealt":440,"minecraft:interact_with_crafting_table":9,"minecraft:fly_one_cm":14258,"minecraft:open_chest":1,"minecraft:crouch_one_cm":910,"minecraft:play_time":17946,"minecraft:sneak_time":1068,"minecraft:jump":99,"minecraft:time_since_death":17946,"minecraft:total_world_time":17946,"minecraft:fall_one_cm":2423},"minecraft:picked_up":{"minecraft:wooden_axe":1,"minecraft:birch_log":14,"minecraft:raw_iron":37,"minecraft:crafting_table":5,"minecraft:andesite":1,"minecraft:brown_wool":1,"minecraft:diorite":3,"minecraft:arrow":1,"minecraft:iron_ingot":1,"minecraft:granite":8,"minecraft:coal":66,"minecraft:mutton":5,"minecraft:smooth_basalt":2,"minecraft:white_wool":2,"minecraft:cobblestone":85,"minecraft:furnace":2}},"DataVersion":3953}