{"stats":{"minecraft:crafted":{"minecraft:birch_planks":28,"minecraft:crafting_table":1,"minecraft:stick":4,"minecraft:wooden_pickaxe":1,"minecraft:wooden_axe":1},"minecraft:used":{"minecraft:wooden_axe":22,"minecraft:crafting_table":2,"minecraft:wooden_pickaxe":47},"minecraft:killed":{"minecraft:skeleton":1,"minecraft:sheep":3},"minecraft:mined":{"minecraft:short_grass":2,"minecraft:birch_log":14,"minecraft:stone":47,"minecraft:crafting_table":2},"minecraft:custom":{"minecraft:time_since_rest":5946,"minecraft:open_chest":1,"minecraft:crouch_one_cm":703,"minecraft:play_time":5946,"minecraft:sprint_one_cm":11411,"minecraft:damage_taken":125,"minecraft:walk_one_cm":12504,"minecraft:sneak_time":657,"minecraft:mob_kills":4,"minecraft:jump":71,"minecraft:damage_dealt":440,"minecraft:time_since_death":5946,"minecraft:total_world_time":5946,"minecraft:interact_with_crafting_table":3,"minecraft:fall_one_cm":1808,"minecraft:fly_one_cm":10625},"minecraft:picked_up":{"minecraft:birch_log":14,"minecraft:crafting_table":2,"minecraft:arrow":1,"minecraft:brown_wool":1,"minecraft:mutton":5,"minecraft:white_wool":2,"minecraft:cobblestone":47}},"DataVersion":3953}